rank,company,contact_type,recommended_titles,linkedin_search_url,linkedin_jobs_url,towns_cities,routes,score,connection_note
1,Communications Software Airline Systems Ltd,Recruiter,Technical Recruiter | Engineering Recruiter | Talent Acquisition | Internal Recruiter,https://www.linkedin.com/search/results/people/?keywords=Communications+Software+Airline+Systems+Ltd+Technical+Recruiter+OR+Engineering+Recruiter+OR+Talent+Acquisition+OR+Internal+Recruiter,https://www.linkedin.com/jobs/search/?keywords=Communications+Software+Airline+Systems+Ltd+Generative+AI+Engineer+OR+Applied+AI+Engineer+OR+AI+Software+Engineer+OR+Backend+Engineer+OR+Python+Engineer+OR+Full+Stack+Engineer,"Ashbourne, London",Skilled Worker,110,"Hi, I noticed Communications Software Airline Systems Ltd is a licensed sponsor. I’m a UK-based applied AI/software engineer with 3+ years in Python, FastAPI, React, and production AI systems. I’d value connecting and learning about relevant engineering openings at Communications Software Airline Sy"
2,Communications Software Airline Systems Ltd,Hiring Manager,Engineering Manager | Head of Engineering | Head of AI | CTO,https://www.linkedin.com/search/results/people/?keywords=Communications+Software+Airline+Systems+Ltd+Engineering+Manager+OR+Head+of+Engineering+OR+Head+of+AI+OR+CTO,https://www.linkedin.com/jobs/search/?keywords=Communications+Software+Airline+Systems+Ltd+Generative+AI+Engineer+OR+Applied+AI+Engineer+OR+AI+Software+Engineer+OR+Backend+Engineer+OR+Python+Engineer+OR+Full+Stack+Engineer,"Ashbourne, London",Skilled Worker,110,"Hi, I noticed Communications Software Airline Systems Ltd is a licensed sponsor. I’m a UK-based applied AI/software engineer with 3+ years in Python, FastAPI, React, and production AI systems. I’d value connecting and learning about relevant engineering openings at Communications Software Airline Sy"
3,Enterprise AI Technology Ltd,Recruiter,Technical Recruiter | Engineering Recruiter | Talent Acquisition | Internal Recruiter,https://www.linkedin.com/search/results/people/?keywords=Enterprise+AI+Technology+Ltd+Technical+Recruiter+OR+Engineering+Recruiter+OR+Talent+Acquisition+OR+Internal+Recruiter,https://www.linkedin.com/jobs/search/?keywords=Enterprise+AI+Technology+Ltd+Generative+AI+Engineer+OR+Applied+AI+Engineer+OR+AI+Software+Engineer+OR+Backend+Engineer+OR+Python+Engineer+OR+Full+Stack+Engineer,London,Skilled Worker,108,"Hi, I noticed Enterprise AI Technology Ltd is a licensed sponsor. I’m a UK-based applied AI/software engineer with 3+ years in Python, FastAPI, React, and production AI systems. I’d value connecting and learning about relevant engineering openings at Enterprise AI Technology Ltd."
4,Enterprise AI Technology Ltd,Hiring Manager,Engineering Manager | Head of Engineering | Head of AI | CTO,https://www.linkedin.com/search/results/people/?keywords=Enterprise+AI+Technology+Ltd+Engineering+Manager+OR+Head+of+Engineering+OR+Head+of+AI+OR+CTO,https://www.linkedin.com/jobs/search/?keywords=Enterprise+AI+Technology+Ltd+Generative+AI+Engineer+OR+Applied+AI+Engineer+OR+AI+Software+Engineer+OR+Backend+Engineer+OR+Python+Engineer+OR+Full+Stack+Engineer,London,Skilled Worker,108,"Hi, I noticed Enterprise AI Technology Ltd is a licensed sponsor. I’m a UK-based applied AI/software engineer with 3+ years in Python, FastAPI, React, and production AI systems. I’d value connecting and learning about relevant engineering openings at Enterprise AI Technology Ltd."
5,GfK Retail and Technology UK Limited,Recruiter,Technical Recruiter | Engineering Recruiter | Talent Acquisition | Internal Recruiter,https://www.linkedin.com/search/results/people/?keywords=GfK+Retail+and+Technology+UK+Limited+Technical+Recruiter+OR+Engineering+Recruiter+OR+Talent+Acquisition+OR+Internal+Recruiter,https://www.linkedin.com/jobs/search/?keywords=GfK+Retail+and+Technology+UK+Limited+Generative+AI+Engineer+OR+Applied+AI+Engineer+OR+AI+Software+Engineer+OR+Backend+Engineer+OR+Python+Engineer+OR+Full+Stack+Engineer,London,Skilled Worker,108,"Hi, I noticed GfK Retail and Technology UK Limited is a licensed sponsor. I’m a UK-based applied AI/software engineer with 3+ years in Python, FastAPI, React, and production AI systems. I’d value connecting and learning about relevant engineering openings at GfK Retail and Technology UK Limited."
6,GfK Retail and Technology UK Limited,Hiring Manager,Engineering Manager | Head of Engineering | Head of AI | CTO,https://www.linkedin.com/search/results/people/?keywords=GfK+Retail+and+Technology+UK+Limited+Engineering+Manager+OR+Head+of+Engineering+OR+Head+of+AI+OR+CTO,https://www.linkedin.com/jobs/search/?keywords=GfK+Retail+and+Technology+UK+Limited+Generative+AI+Engineer+OR+Applied+AI+Engineer+OR+AI+Software+Engineer+OR+Backend+Engineer+OR+Python+Engineer+OR+Full+Stack+Engineer,London,Skilled Worker,108,"Hi, I noticed GfK Retail and Technology UK Limited is a licensed sponsor. I’m a UK-based applied AI/software engineer with 3+ years in Python, FastAPI, React, and production AI systems. I’d value connecting and learning about relevant engineering openings at GfK Retail and Technology UK Limited."
7,Kunai Technology Limited,Recruiter,Technical Recruiter | Engineering Recruiter | Talent Acquisition | Internal Recruiter,https://www.linkedin.com/search/results/people/?keywords=Kunai+Technology+Limited+Technical+Recruiter+OR+Engineering+Recruiter+OR+Talent+Acquisition+OR+Internal+Recruiter,https://www.linkedin.com/jobs/search/?keywords=Kunai+Technology+Limited+Generative+AI+Engineer+OR+Applied+AI+Engineer+OR+AI+Software+Engineer+OR+Backend+Engineer+OR+Python+Engineer+OR+Full+Stack+Engineer,London,Skilled Worker,108,"Hi, I noticed Kunai Technology Limited is a licensed sponsor. I’m a UK-based applied AI/software engineer with 3+ years in Python, FastAPI, React, and production AI systems. I’d value connecting and learning about relevant engineering openings at Kunai Technology Limited."
8,Kunai Technology Limited,Hiring Manager,Engineering Manager | Head of Engineering | Head of AI | CTO,https://www.linkedin.com/search/results/people/?keywords=Kunai+Technology+Limited+Engineering+Manager+OR+Head+of+Engineering+OR+Head+of+AI+OR+CTO,https://www.linkedin.com/jobs/search/?keywords=Kunai+Technology+Limited+Generative+AI+Engineer+OR+Applied+AI+Engineer+OR+AI+Software+Engineer+OR+Backend+Engineer+OR+Python+Engineer+OR+Full+Stack+Engineer,London,Skilled Worker,108,"Hi, I noticed Kunai Technology Limited is a licensed sponsor. I’m a UK-based applied AI/software engineer with 3+ years in Python, FastAPI, React, and production AI systems. I’d value connecting and learning about relevant engineering openings at Kunai Technology Limited."
9,MAIA Technology Limited,Recruiter,Technical Recruiter | Engineering Recruiter | Talent Acquisition | Internal Recruiter,https://www.linkedin.com/search/results/people/?keywords=MAIA+Technology+Limited+Technical+Recruiter+OR+Engineering+Recruiter+OR+Talent+Acquisition+OR+Internal+Recruiter,https://www.linkedin.com/jobs/search/?keywords=MAIA+Technology+Limited+Generative+AI+Engineer+OR+Applied+AI+Engineer+OR+AI+Software+Engineer+OR+Backend+Engineer+OR+Python+Engineer+OR+Full+Stack+Engineer,London,Skilled Worker,108,"Hi, I noticed MAIA Technology Limited is a licensed sponsor. I’m a UK-based applied AI/software engineer with 3+ years in Python, FastAPI, React, and production AI systems. I’d value connecting and learning about relevant engineering openings at MAIA Technology Limited."
10,MAIA Technology Limited,Hiring Manager,Engineering Manager | Head of Engineering | Head of AI | CTO,https://www.linkedin.com/search/results/people/?keywords=MAIA+Technology+Limited+Engineering+Manager+OR+Head+of+Engineering+OR+Head+of+AI+OR+CTO,https://www.linkedin.com/jobs/search/?keywords=MAIA+Technology+Limited+Generative+AI+Engineer+OR+Applied+AI+Engineer+OR+AI+Software+Engineer+OR+Backend+Engineer+OR+Python+Engineer+OR+Full+Stack+Engineer,London,Skilled Worker,108,"Hi, I noticed MAIA Technology Limited is a licensed sponsor. I’m a UK-based applied AI/software engineer with 3+ years in Python, FastAPI, React, and production AI systems. I’d value connecting and learning about relevant engineering openings at MAIA Technology Limited."
11,RETAIL TECHNOLOGY LTD,Recruiter,Technical Recruiter | Engineering Recruiter | Talent Acquisition | Internal Recruiter,https://www.linkedin.com/search/results/people/?keywords=RETAIL+TECHNOLOGY+LTD+Technical+Recruiter+OR+Engineering+Recruiter+OR+Talent+Acquisition+OR+Internal+Recruiter,https://www.linkedin.com/jobs/search/?keywords=RETAIL+TECHNOLOGY+LTD+Generative+AI+Engineer+OR+Applied+AI+Engineer+OR+AI+Software+Engineer+OR+Backend+Engineer+OR+Python+Engineer+OR+Full+Stack+Engineer,London,Skilled Worker,108,"Hi, I noticed RETAIL TECHNOLOGY LTD is a licensed sponsor. I’m a UK-based applied AI/software engineer with 3+ years in Python, FastAPI, React, and production AI systems. I’d value connecting and learning about relevant engineering openings at RETAIL TECHNOLOGY LTD."
12,RETAIL TECHNOLOGY LTD,Hiring Manager,Engineering Manager | Head of Engineering | Head of AI | CTO,https://www.linkedin.com/search/results/people/?keywords=RETAIL+TECHNOLOGY+LTD+Engineering+Manager+OR+Head+of+Engineering+OR+Head+of+AI+OR+CTO,https://www.linkedin.com/jobs/search/?keywords=RETAIL+TECHNOLOGY+LTD+Generative+AI+Engineer+OR+Applied+AI+Engineer+OR+AI+Software+Engineer+OR+Backend+Engineer+OR+Python+Engineer+OR+Full+Stack+Engineer,London,Skilled Worker,108,"Hi, I noticed RETAIL TECHNOLOGY LTD is a licensed sponsor. I’m a UK-based applied AI/software engineer with 3+ years in Python, FastAPI, React, and production AI systems. I’d value connecting and learning about relevant engineering openings at RETAIL TECHNOLOGY LTD."
13,Sai Technology Solutions Ltd,Recruiter,Technical Recruiter | Engineering Recruiter | Talent Acquisition | Internal Recruiter,https://www.linkedin.com/search/results/people/?keywords=Sai+Technology+Solutions+Ltd+Technical+Recruiter+OR+Engineering+Recruiter+OR+Talent+Acquisition+OR+Internal+Recruiter,https://www.linkedin.com/jobs/search/?keywords=Sai+Technology+Solutions+Ltd+Generative+AI+Engineer+OR+Applied+AI+Engineer+OR+AI+Software+Engineer+OR+Backend+Engineer+OR+Python+Engineer+OR+Full+Stack+Engineer,Tring,Skilled Worker,108,"Hi, I noticed Sai Technology Solutions Ltd is a licensed sponsor. I’m a UK-based applied AI/software engineer with 3+ years in Python, FastAPI, React, and production AI systems. I’d value connecting and learning about relevant engineering openings at Sai Technology Solutions Ltd."
14,Sai Technology Solutions Ltd,Hiring Manager,Engineering Manager | Head of Engineering | Head of AI | CTO,https://www.linkedin.com/search/results/people/?keywords=Sai+Technology+Solutions+Ltd+Engineering+Manager+OR+Head+of+Engineering+OR+Head+of+AI+OR+CTO,https://www.linkedin.com/jobs/search/?keywords=Sai+Technology+Solutions+Ltd+Generative+AI+Engineer+OR+Applied+AI+Engineer+OR+AI+Software+Engineer+OR+Backend+Engineer+OR+Python+Engineer+OR+Full+Stack+Engineer,Tring,Skilled Worker,108,"Hi, I noticed Sai Technology Solutions Ltd is a licensed sponsor. I’m a UK-based applied AI/software engineer with 3+ years in Python, FastAPI, React, and production AI systems. I’d value connecting and learning about relevant engineering openings at Sai Technology Solutions Ltd."
15,Taina Technology,Recruiter,Technical Recruiter | Engineering Recruiter | Talent Acquisition | Internal Recruiter,https://www.linkedin.com/search/results/people/?keywords=Taina+Technology+Technical+Recruiter+OR+Engineering+Recruiter+OR+Talent+Acquisition+OR+Internal+Recruiter,https://www.linkedin.com/jobs/search/?keywords=Taina+Technology+Generative+AI+Engineer+OR+Applied+AI+Engineer+OR+AI+Software+Engineer+OR+Backend+Engineer+OR+Python+Engineer+OR+Full+Stack+Engineer,London,Skilled Worker,108,"Hi, I noticed Taina Technology is a licensed sponsor. I’m a UK-based applied AI/software engineer with 3+ years in Python, FastAPI, React, and production AI systems. I’d value connecting and learning about relevant engineering openings at Taina Technology."
16,Taina Technology,Hiring Manager,Engineering Manager | Head of Engineering | Head of AI | CTO,https://www.linkedin.com/search/results/people/?keywords=Taina+Technology+Engineering+Manager+OR+Head+of+Engineering+OR+Head+of+AI+OR+CTO,https://www.linkedin.com/jobs/search/?keywords=Taina+Technology+Generative+AI+Engineer+OR+Applied+AI+Engineer+OR+AI+Software+Engineer+OR+Backend+Engineer+OR+Python+Engineer+OR+Full+Stack+Engineer,London,Skilled Worker,108,"Hi, I noticed Taina Technology is a licensed sponsor. I’m a UK-based applied AI/software engineer with 3+ years in Python, FastAPI, React, and production AI systems. I’d value connecting and learning about relevant engineering openings at Taina Technology."
17,Container Solutions Software Ltd,Recruiter,Technical Recruiter | Engineering Recruiter | Talent Acquisition | Internal Recruiter,https://www.linkedin.com/search/results/people/?keywords=Container+Solutions+Software+Ltd+Technical+Recruiter+OR+Engineering+Recruiter+OR+Talent+Acquisition+OR+Internal+Recruiter,https://www.linkedin.com/jobs/search/?keywords=Container+Solutions+Software+Ltd+Generative+AI+Engineer+OR+Applied+AI+Engineer+OR+AI+Software+Engineer+OR+Backend+Engineer+OR+Python+Engineer+OR+Full+Stack+Engineer,London,Skilled Worker,104,"Hi, I noticed Container Solutions Software Ltd is a licensed sponsor. I’m a UK-based applied AI/software engineer with 3+ years in Python, FastAPI, React, and production AI systems. I’d value connecting and learning about relevant engineering openings at Container Solutions Software Ltd."
18,Container Solutions Software Ltd,Hiring Manager,Engineering Manager | Head of Engineering | Head of AI | CTO,https://www.linkedin.com/search/results/people/?keywords=Container+Solutions+Software+Ltd+Engineering+Manager+OR+Head+of+Engineering+OR+Head+of+AI+OR+CTO,https://www.linkedin.com/jobs/search/?keywords=Container+Solutions+Software+Ltd+Generative+AI+Engineer+OR+Applied+AI+Engineer+OR+AI+Software+Engineer+OR+Backend+Engineer+OR+Python+Engineer+OR+Full+Stack+Engineer,London,Skilled Worker,104,"Hi, I noticed Container Solutions Software Ltd is a licensed sponsor. I’m a UK-based applied AI/software engineer with 3+ years in Python, FastAPI, React, and production AI systems. I’d value connecting and learning about relevant engineering openings at Container Solutions Software Ltd."
19,Telefonica Tech UK Data & AI Limited,Recruiter,Technical Recruiter | Engineering Recruiter | Talent Acquisition | Internal Recruiter,https://www.linkedin.com/search/results/people/?keywords=Telefonica+Tech+UK+Data+%26+AI+Limited+Technical+Recruiter+OR+Engineering+Recruiter+OR+Talent+Acquisition+OR+Internal+Recruiter,https://www.linkedin.com/jobs/search/?keywords=Telefonica+Tech+UK+Data+%26+AI+Limited+Generative+AI+Engineer+OR+Applied+AI+Engineer+OR+AI+Software+Engineer+OR+Backend+Engineer+OR+Python+Engineer+OR+Full+Stack+Engineer,Farnham,Skilled Worker,100,"Hi, I noticed Telefonica Tech UK Data & AI Limited is a licensed sponsor. I’m a UK-based applied AI/software engineer with 3+ years in Python, FastAPI, React, and production AI systems. I’d value connecting and learning about relevant engineering openings at Telefonica Tech UK Data & AI Limited."
20,Telefonica Tech UK Data & AI Limited,Hiring Manager,Engineering Manager | Head of Engineering | Head of AI | CTO,https://www.linkedin.com/search/results/people/?keywords=Telefonica+Tech+UK+Data+%26+AI+Limited+Engineering+Manager+OR+Head+of+Engineering+OR+Head+of+AI+OR+CTO,https://www.linkedin.com/jobs/search/?keywords=Telefonica+Tech+UK+Data+%26+AI+Limited+Generative+AI+Engineer+OR+Applied+AI+Engineer+OR+AI+Software+Engineer+OR+Backend+Engineer+OR+Python+Engineer+OR+Full+Stack+Engineer,Farnham,Skilled Worker,100,"Hi, I noticed Telefonica Tech UK Data & AI Limited is a licensed sponsor. I’m a UK-based applied AI/software engineer with 3+ years in Python, FastAPI, React, and production AI systems. I’d value connecting and learning about relevant engineering openings at Telefonica Tech UK Data & AI Limited."
21,BRAIN BRIDGE TECHNOLOGY LIMITED,Recruiter,Technical Recruiter | Engineering Recruiter | Talent Acquisition | Internal Recruiter,https://www.linkedin.com/search/results/people/?keywords=BRAIN+BRIDGE+TECHNOLOGY+LIMITED+Technical+Recruiter+OR+Engineering+Recruiter+OR+Talent+Acquisition+OR+Internal+Recruiter,https://www.linkedin.com/jobs/search/?keywords=BRAIN+BRIDGE+TECHNOLOGY+LIMITED+Generative+AI+Engineer+OR+Applied+AI+Engineer+OR+AI+Software+Engineer+OR+Backend+Engineer+OR+Python+Engineer+OR+Full+Stack+Engineer,Brentwood,Skilled Worker,98,"Hi, I noticed BRAIN BRIDGE TECHNOLOGY LIMITED is a licensed sponsor. I’m a UK-based applied AI/software engineer with 3+ years in Python, FastAPI, React, and production AI systems. I’d value connecting and learning about relevant engineering openings at BRAIN BRIDGE TECHNOLOGY LIMITED."
22,BRAIN BRIDGE TECHNOLOGY LIMITED,Hiring Manager,Engineering Manager | Head of Engineering | Head of AI | CTO,https://www.linkedin.com/search/results/people/?keywords=BRAIN+BRIDGE+TECHNOLOGY+LIMITED+Engineering+Manager+OR+Head+of+Engineering+OR+Head+of+AI+OR+CTO,https://www.linkedin.com/jobs/search/?keywords=BRAIN+BRIDGE+TECHNOLOGY+LIMITED+Generative+AI+Engineer+OR+Applied+AI+Engineer+OR+AI+Software+Engineer+OR+Backend+Engineer+OR+Python+Engineer+OR+Full+Stack+Engineer,Brentwood,Skilled Worker,98,"Hi, I noticed BRAIN BRIDGE TECHNOLOGY LIMITED is a licensed sponsor. I’m a UK-based applied AI/software engineer with 3+ years in Python, FastAPI, React, and production AI systems. I’d value connecting and learning about relevant engineering openings at BRAIN BRIDGE TECHNOLOGY LIMITED."
23,H. AI Technology Limited L,Recruiter,Technical Recruiter | Engineering Recruiter | Talent Acquisition | Internal Recruiter,https://www.linkedin.com/search/results/people/?keywords=H.+AI+Technology+Limited+L+Technical+Recruiter+OR+Engineering+Recruiter+OR+Talent+Acquisition+OR+Internal+Recruiter,https://www.linkedin.com/jobs/search/?keywords=H.+AI+Technology+Limited+L+Generative+AI+Engineer+OR+Applied+AI+Engineer+OR+AI+Software+Engineer+OR+Backend+Engineer+OR+Python+Engineer+OR+Full+Stack+Engineer,ondon,Skilled Worker,98,"Hi, I noticed H. AI Technology Limited L is a licensed sponsor. I’m a UK-based applied AI/software engineer with 3+ years in Python, FastAPI, React, and production AI systems. I’d value connecting and learning about relevant engineering openings at H. AI Technology Limited L."
24,H. AI Technology Limited L,Hiring Manager,Engineering Manager | Head of Engineering | Head of AI | CTO,https://www.linkedin.com/search/results/people/?keywords=H.+AI+Technology+Limited+L+Engineering+Manager+OR+Head+of+Engineering+OR+Head+of+AI+OR+CTO,https://www.linkedin.com/jobs/search/?keywords=H.+AI+Technology+Limited+L+Generative+AI+Engineer+OR+Applied+AI+Engineer+OR+AI+Software+Engineer+OR+Backend+Engineer+OR+Python+Engineer+OR+Full+Stack+Engineer,ondon,Skilled Worker,98,"Hi, I noticed H. AI Technology Limited L is a licensed sponsor. I’m a UK-based applied AI/software engineer with 3+ years in Python, FastAPI, React, and production AI systems. I’d value connecting and learning about relevant engineering openings at H. AI Technology Limited L."
25,Kaifa Technology UK Limited,Recruiter,Technical Recruiter | Engineering Recruiter | Talent Acquisition | Internal Recruiter,https://www.linkedin.com/search/results/people/?keywords=Kaifa+Technology+UK+Limited+Technical+Recruiter+OR+Engineering+Recruiter+OR+Talent+Acquisition+OR+Internal+Recruiter,https://www.linkedin.com/jobs/search/?keywords=Kaifa+Technology+UK+Limited+Generative+AI+Engineer+OR+Applied+AI+Engineer+OR+AI+Software+Engineer+OR+Backend+Engineer+OR+Python+Engineer+OR+Full+Stack+Engineer,Milton Keynes,Skilled Worker,98,"Hi, I noticed Kaifa Technology UK Limited is a licensed sponsor. I’m a UK-based applied AI/software engineer with 3+ years in Python, FastAPI, React, and production AI systems. I’d value connecting and learning about relevant engineering openings at Kaifa Technology UK Limited."
26,Kaifa Technology UK Limited,Hiring Manager,Engineering Manager | Head of Engineering | Head of AI | CTO,https://www.linkedin.com/search/results/people/?keywords=Kaifa+Technology+UK+Limited+Engineering+Manager+OR+Head+of+Engineering+OR+Head+of+AI+OR+CTO,https://www.linkedin.com/jobs/search/?keywords=Kaifa+Technology+UK+Limited+Generative+AI+Engineer+OR+Applied+AI+Engineer+OR+AI+Software+Engineer+OR+Backend+Engineer+OR+Python+Engineer+OR+Full+Stack+Engineer,Milton Keynes,Skilled Worker,98,"Hi, I noticed Kaifa Technology UK Limited is a licensed sponsor. I’m a UK-based applied AI/software engineer with 3+ years in Python, FastAPI, React, and production AI systems. I’d value connecting and learning about relevant engineering openings at Kaifa Technology UK Limited."
27,OEE Container Technology Limited,Recruiter,Technical Recruiter | Engineering Recruiter | Talent Acquisition | Internal Recruiter,https://www.linkedin.com/search/results/people/?keywords=OEE+Container+Technology+Limited+Technical+Recruiter+OR+Engineering+Recruiter+OR+Talent+Acquisition+OR+Internal+Recruiter,https://www.linkedin.com/jobs/search/?keywords=OEE+Container+Technology+Limited+Generative+AI+Engineer+OR+Applied+AI+Engineer+OR+AI+Software+Engineer+OR+Backend+Engineer+OR+Python+Engineer+OR+Full+Stack+Engineer,Carlisle,Skilled Worker,98,"Hi, I noticed OEE Container Technology Limited is a licensed sponsor. I’m a UK-based applied AI/software engineer with 3+ years in Python, FastAPI, React, and production AI systems. I’d value connecting and learning about relevant engineering openings at OEE Container Technology Limited."
28,OEE Container Technology Limited,Hiring Manager,Engineering Manager | Head of Engineering | Head of AI | CTO,https://www.linkedin.com/search/results/people/?keywords=OEE+Container+Technology+Limited+Engineering+Manager+OR+Head+of+Engineering+OR+Head+of+AI+OR+CTO,https://www.linkedin.com/jobs/search/?keywords=OEE+Container+Technology+Limited+Generative+AI+Engineer+OR+Applied+AI+Engineer+OR+AI+Software+Engineer+OR+Backend+Engineer+OR+Python+Engineer+OR+Full+Stack+Engineer,Carlisle,Skilled Worker,98,"Hi, I noticed OEE Container Technology Limited is a licensed sponsor. I’m a UK-based applied AI/software engineer with 3+ years in Python, FastAPI, React, and production AI systems. I’d value connecting and learning about relevant engineering openings at OEE Container Technology Limited."
29,Prevail Technology Limited,Recruiter,Technical Recruiter | Engineering Recruiter | Talent Acquisition | Internal Recruiter,https://www.linkedin.com/search/results/people/?keywords=Prevail+Technology+Limited+Technical+Recruiter+OR+Engineering+Recruiter+OR+Talent+Acquisition+OR+Internal+Recruiter,https://www.linkedin.com/jobs/search/?keywords=Prevail+Technology+Limited+Generative+AI+Engineer+OR+Applied+AI+Engineer+OR+AI+Software+Engineer+OR+Backend+Engineer+OR+Python+Engineer+OR+Full+Stack+Engineer,Poole,Skilled Worker,98,"Hi, I noticed Prevail Technology Limited is a licensed sponsor. I’m a UK-based applied AI/software engineer with 3+ years in Python, FastAPI, React, and production AI systems. I’d value connecting and learning about relevant engineering openings at Prevail Technology Limited."
30,Prevail Technology Limited,Hiring Manager,Engineering Manager | Head of Engineering | Head of AI | CTO,https://www.linkedin.com/search/results/people/?keywords=Prevail+Technology+Limited+Engineering+Manager+OR+Head+of+Engineering+OR+Head+of+AI+OR+CTO,https://www.linkedin.com/jobs/search/?keywords=Prevail+Technology+Limited+Generative+AI+Engineer+OR+Applied+AI+Engineer+OR+AI+Software+Engineer+OR+Backend+Engineer+OR+Python+Engineer+OR+Full+Stack+Engineer,Poole,Skilled Worker,98,"Hi, I noticed Prevail Technology Limited is a licensed sponsor. I’m a UK-based applied AI/software engineer with 3+ years in Python, FastAPI, React, and production AI systems. I’d value connecting and learning about relevant engineering openings at Prevail Technology Limited."
31,Transforming Training with Technology Limited,Recruiter,Technical Recruiter | Engineering Recruiter | Talent Acquisition | Internal Recruiter,https://www.linkedin.com/search/results/people/?keywords=Transforming+Training+with+Technology+Limited+Technical+Recruiter+OR+Engineering+Recruiter+OR+Talent+Acquisition+OR+Internal+Recruiter,https://www.linkedin.com/jobs/search/?keywords=Transforming+Training+with+Technology+Limited+Generative+AI+Engineer+OR+Applied+AI+Engineer+OR+AI+Software+Engineer+OR+Backend+Engineer+OR+Python+Engineer+OR+Full+Stack+Engineer,Hurn,Skilled Worker,98,"Hi, I noticed Transforming Training with Technology Limited is a licensed sponsor. I’m a UK-based applied AI/software engineer with 3+ years in Python, FastAPI, React, and production AI systems. I’d value connecting and learning about relevant engineering openings at Transforming Training with Techn"
32,Transforming Training with Technology Limited,Hiring Manager,Engineering Manager | Head of Engineering | Head of AI | CTO,https://www.linkedin.com/search/results/people/?keywords=Transforming+Training+with+Technology+Limited+Engineering+Manager+OR+Head+of+Engineering+OR+Head+of+AI+OR+CTO,https://www.linkedin.com/jobs/search/?keywords=Transforming+Training+with+Technology+Limited+Generative+AI+Engineer+OR+Applied+AI+Engineer+OR+AI+Software+Engineer+OR+Backend+Engineer+OR+Python+Engineer+OR+Full+Stack+Engineer,Hurn,Skilled Worker,98,"Hi, I noticed Transforming Training with Technology Limited is a licensed sponsor. I’m a UK-based applied AI/software engineer with 3+ years in Python, FastAPI, React, and production AI systems. I’d value connecting and learning about relevant engineering openings at Transforming Training with Techn"
33,Datascan Retail Systems Ltd Coleshill,Recruiter,Technical Recruiter | Engineering Recruiter | Talent Acquisition | Internal Recruiter,https://www.linkedin.com/search/results/people/?keywords=Datascan+Retail+Systems+Ltd+Coleshill+Technical+Recruiter+OR+Engineering+Recruiter+OR+Talent+Acquisition+OR+Internal+Recruiter,https://www.linkedin.com/jobs/search/?keywords=Datascan+Retail+Systems+Ltd+Coleshill+Generative+AI+Engineer+OR+Applied+AI+Engineer+OR+AI+Software+Engineer+OR+Backend+Engineer+OR+Python+Engineer+OR+Full+Stack+Engineer,,Skilled Worker,96,"Hi, I noticed Datascan Retail Systems Ltd Coleshill is a licensed sponsor. I’m a UK-based applied AI/software engineer with 3+ years in Python, FastAPI, React, and production AI systems. I’d value connecting and learning about relevant engineering openings at Datascan Retail Systems Ltd Coleshill."
34,Datascan Retail Systems Ltd Coleshill,Hiring Manager,Engineering Manager | Head of Engineering | Head of AI | CTO,https://www.linkedin.com/search/results/people/?keywords=Datascan+Retail+Systems+Ltd+Coleshill+Engineering+Manager+OR+Head+of+Engineering+OR+Head+of+AI+OR+CTO,https://www.linkedin.com/jobs/search/?keywords=Datascan+Retail+Systems+Ltd+Coleshill+Generative+AI+Engineer+OR+Applied+AI+Engineer+OR+AI+Software+Engineer+OR+Backend+Engineer+OR+Python+Engineer+OR+Full+Stack+Engineer,,Skilled Worker,96,"Hi, I noticed Datascan Retail Systems Ltd Coleshill is a licensed sponsor. I’m a UK-based applied AI/software engineer with 3+ years in Python, FastAPI, React, and production AI systems. I’d value connecting and learning about relevant engineering openings at Datascan Retail Systems Ltd Coleshill."
35,Innovation Technology and Business Solutions Limited,Recruiter,Technical Recruiter | Engineering Recruiter | Talent Acquisition | Internal Recruiter,https://www.linkedin.com/search/results/people/?keywords=Innovation+Technology+and+Business+Solutions+Limited+Technical+Recruiter+OR+Engineering+Recruiter+OR+Talent+Acquisition+OR+Internal+Recruiter,https://www.linkedin.com/jobs/search/?keywords=Innovation+Technology+and+Business+Solutions+Limited+Generative+AI+Engineer+OR+Applied+AI+Engineer+OR+AI+Software+Engineer+OR+Backend+Engineer+OR+Python+Engineer+OR+Full+Stack+Engineer,London,"Skilled Worker, al Business Mobility: Senior or Specialist Worker",96,"Hi, I noticed Innovation Technology and Business Solutions Limited is a licensed sponsor. I’m a UK-based applied AI/software engineer with 3+ years in Python, FastAPI, React, and production AI systems. I’d value connecting and learning about relevant engineering openings at Innovation Technology and"
36,Innovation Technology and Business Solutions Limited,Hiring Manager,Engineering Manager | Head of Engineering | Head of AI | CTO,https://www.linkedin.com/search/results/people/?keywords=Innovation+Technology+and+Business+Solutions+Limited+Engineering+Manager+OR+Head+of+Engineering+OR+Head+of+AI+OR+CTO,https://www.linkedin.com/jobs/search/?keywords=Innovation+Technology+and+Business+Solutions+Limited+Generative+AI+Engineer+OR+Applied+AI+Engineer+OR+AI+Software+Engineer+OR+Backend+Engineer+OR+Python+Engineer+OR+Full+Stack+Engineer,London,"Skilled Worker, al Business Mobility: Senior or Specialist Worker",96,"Hi, I noticed Innovation Technology and Business Solutions Limited is a licensed sponsor. I’m a UK-based applied AI/software engineer with 3+ years in Python, FastAPI, React, and production AI systems. I’d value connecting and learning about relevant engineering openings at Innovation Technology and"
37,Brain Labs Digital Ltd,Recruiter,Technical Recruiter | Engineering Recruiter | Talent Acquisition | Internal Recruiter,https://www.linkedin.com/search/results/people/?keywords=Brain+Labs+Digital+Ltd+Technical+Recruiter+OR+Engineering+Recruiter+OR+Talent+Acquisition+OR+Internal+Recruiter,https://www.linkedin.com/jobs/search/?keywords=Brain+Labs+Digital+Ltd+Generative+AI+Engineer+OR+Applied+AI+Engineer+OR+AI+Software+Engineer+OR+Backend+Engineer+OR+Python+Engineer+OR+Full+Stack+Engineer,London,"Global Business Mobility: Senior or Specialist Worker, Skilled Worker",95,"Hi, I noticed Brain Labs Digital Ltd is a licensed sponsor. I’m a UK-based applied AI/software engineer with 3+ years in Python, FastAPI, React, and production AI systems. I’d value connecting and learning about relevant engineering openings at Brain Labs Digital Ltd."
38,Brain Labs Digital Ltd,Hiring Manager,Engineering Manager | Head of Engineering | Head of AI | CTO,https://www.linkedin.com/search/results/people/?keywords=Brain+Labs+Digital+Ltd+Engineering+Manager+OR+Head+of+Engineering+OR+Head+of+AI+OR+CTO,https://www.linkedin.com/jobs/search/?keywords=Brain+Labs+Digital+Ltd+Generative+AI+Engineer+OR+Applied+AI+Engineer+OR+AI+Software+Engineer+OR+Backend+Engineer+OR+Python+Engineer+OR+Full+Stack+Engineer,London,"Global Business Mobility: Senior or Specialist Worker, Skilled Worker",95,"Hi, I noticed Brain Labs Digital Ltd is a licensed sponsor. I’m a UK-based applied AI/software engineer with 3+ years in Python, FastAPI, React, and production AI systems. I’d value connecting and learning about relevant engineering openings at Brain Labs Digital Ltd."
39,Core Technology Systems Uk Ltd,Recruiter,Technical Recruiter | Engineering Recruiter | Talent Acquisition | Internal Recruiter,https://www.linkedin.com/search/results/people/?keywords=Core+Technology+Systems+Uk+Ltd+Technical+Recruiter+OR+Engineering+Recruiter+OR+Talent+Acquisition+OR+Internal+Recruiter,https://www.linkedin.com/jobs/search/?keywords=Core+Technology+Systems+Uk+Ltd+Generative+AI+Engineer+OR+Applied+AI+Engineer+OR+AI+Software+Engineer+OR+Backend+Engineer+OR+Python+Engineer+OR+Full+Stack+Engineer,LONDON,Skilled Worker,94,"Hi, I noticed Core Technology Systems Uk Ltd is a licensed sponsor. I’m a UK-based applied AI/software engineer with 3+ years in Python, FastAPI, React, and production AI systems. I’d value connecting and learning about relevant engineering openings at Core Technology Systems Uk Ltd."
40,Core Technology Systems Uk Ltd,Hiring Manager,Engineering Manager | Head of Engineering | Head of AI | CTO,https://www.linkedin.com/search/results/people/?keywords=Core+Technology+Systems+Uk+Ltd+Engineering+Manager+OR+Head+of+Engineering+OR+Head+of+AI+OR+CTO,https://www.linkedin.com/jobs/search/?keywords=Core+Technology+Systems+Uk+Ltd+Generative+AI+Engineer+OR+Applied+AI+Engineer+OR+AI+Software+Engineer+OR+Backend+Engineer+OR+Python+Engineer+OR+Full+Stack+Engineer,LONDON,Skilled Worker,94,"Hi, I noticed Core Technology Systems Uk Ltd is a licensed sponsor. I’m a UK-based applied AI/software engineer with 3+ years in Python, FastAPI, React, and production AI systems. I’d value connecting and learning about relevant engineering openings at Core Technology Systems Uk Ltd."
41,IDEABEAN SOFTWARE TECHNOLOGY LTD k,Recruiter,Technical Recruiter | Engineering Recruiter | Talent Acquisition | Internal Recruiter,https://www.linkedin.com/search/results/people/?keywords=IDEABEAN+SOFTWARE+TECHNOLOGY+LTD+k+Technical+Recruiter+OR+Engineering+Recruiter+OR+Talent+Acquisition+OR+Internal+Recruiter,https://www.linkedin.com/jobs/search/?keywords=IDEABEAN+SOFTWARE+TECHNOLOGY+LTD+k+Generative+AI+Engineer+OR+Applied+AI+Engineer+OR+AI+Software+Engineer+OR+Backend+Engineer+OR+Python+Engineer+OR+Full+Stack+Engineer,eighley,Skilled Worker,94,"Hi, I noticed IDEABEAN SOFTWARE TECHNOLOGY LTD k is a licensed sponsor. I’m a UK-based applied AI/software engineer with 3+ years in Python, FastAPI, React, and production AI systems. I’d value connecting and learning about relevant engineering openings at IDEABEAN SOFTWARE TECHNOLOGY LTD k."
42,IDEABEAN SOFTWARE TECHNOLOGY LTD k,Hiring Manager,Engineering Manager | Head of Engineering | Head of AI | CTO,https://www.linkedin.com/search/results/people/?keywords=IDEABEAN+SOFTWARE+TECHNOLOGY+LTD+k+Engineering+Manager+OR+Head+of+Engineering+OR+Head+of+AI+OR+CTO,https://www.linkedin.com/jobs/search/?keywords=IDEABEAN+SOFTWARE+TECHNOLOGY+LTD+k+Generative+AI+Engineer+OR+Applied+AI+Engineer+OR+AI+Software+Engineer+OR+Backend+Engineer+OR+Python+Engineer+OR+Full+Stack+Engineer,eighley,Skilled Worker,94,"Hi, I noticed IDEABEAN SOFTWARE TECHNOLOGY LTD k is a licensed sponsor. I’m a UK-based applied AI/software engineer with 3+ years in Python, FastAPI, React, and production AI systems. I’d value connecting and learning about relevant engineering openings at IDEABEAN SOFTWARE TECHNOLOGY LTD k."
43,KLV Software Solutions Ltd Staines,Recruiter,Technical Recruiter | Engineering Recruiter | Talent Acquisition | Internal Recruiter,https://www.linkedin.com/search/results/people/?keywords=KLV+Software+Solutions+Ltd+Staines+Technical+Recruiter+OR+Engineering+Recruiter+OR+Talent+Acquisition+OR+Internal+Recruiter,https://www.linkedin.com/jobs/search/?keywords=KLV+Software+Solutions+Ltd+Staines+Generative+AI+Engineer+OR+Applied+AI+Engineer+OR+AI+Software+Engineer+OR+Backend+Engineer+OR+Python+Engineer+OR+Full+Stack+Engineer,,Skilled Worker,94,"Hi, I noticed KLV Software Solutions Ltd Staines is a licensed sponsor. I’m a UK-based applied AI/software engineer with 3+ years in Python, FastAPI, React, and production AI systems. I’d value connecting and learning about relevant engineering openings at KLV Software Solutions Ltd Staines."
44,KLV Software Solutions Ltd Staines,Hiring Manager,Engineering Manager | Head of Engineering | Head of AI | CTO,https://www.linkedin.com/search/results/people/?keywords=KLV+Software+Solutions+Ltd+Staines+Engineering+Manager+OR+Head+of+Engineering+OR+Head+of+AI+OR+CTO,https://www.linkedin.com/jobs/search/?keywords=KLV+Software+Solutions+Ltd+Staines+Generative+AI+Engineer+OR+Applied+AI+Engineer+OR+AI+Software+Engineer+OR+Backend+Engineer+OR+Python+Engineer+OR+Full+Stack+Engineer,,Skilled Worker,94,"Hi, I noticed KLV Software Solutions Ltd Staines is a licensed sponsor. I’m a UK-based applied AI/software engineer with 3+ years in Python, FastAPI, React, and production AI systems. I’d value connecting and learning about relevant engineering openings at KLV Software Solutions Ltd Staines."
45,MAIA Tech Systems Ltd,Recruiter,Technical Recruiter | Engineering Recruiter | Talent Acquisition | Internal Recruiter,https://www.linkedin.com/search/results/people/?keywords=MAIA+Tech+Systems+Ltd+Technical+Recruiter+OR+Engineering+Recruiter+OR+Talent+Acquisition+OR+Internal+Recruiter,https://www.linkedin.com/jobs/search/?keywords=MAIA+Tech+Systems+Ltd+Generative+AI+Engineer+OR+Applied+AI+Engineer+OR+AI+Software+Engineer+OR+Backend+Engineer+OR+Python+Engineer+OR+Full+Stack+Engineer,Hudders eld,Skilled Worker,94,"Hi, I noticed MAIA Tech Systems Ltd is a licensed sponsor. I’m a UK-based applied AI/software engineer with 3+ years in Python, FastAPI, React, and production AI systems. I’d value connecting and learning about relevant engineering openings at MAIA Tech Systems Ltd."
46,MAIA Tech Systems Ltd,Hiring Manager,Engineering Manager | Head of Engineering | Head of AI | CTO,https://www.linkedin.com/search/results/people/?keywords=MAIA+Tech+Systems+Ltd+Engineering+Manager+OR+Head+of+Engineering+OR+Head+of+AI+OR+CTO,https://www.linkedin.com/jobs/search/?keywords=MAIA+Tech+Systems+Ltd+Generative+AI+Engineer+OR+Applied+AI+Engineer+OR+AI+Software+Engineer+OR+Backend+Engineer+OR+Python+Engineer+OR+Full+Stack+Engineer,Hudders eld,Skilled Worker,94,"Hi, I noticed MAIA Tech Systems Ltd is a licensed sponsor. I’m a UK-based applied AI/software engineer with 3+ years in Python, FastAPI, React, and production AI systems. I’d value connecting and learning about relevant engineering openings at MAIA Tech Systems Ltd."
47,Rainbow Software Solutions Limited Leed,Recruiter,Technical Recruiter | Engineering Recruiter | Talent Acquisition | Internal Recruiter,https://www.linkedin.com/search/results/people/?keywords=Rainbow+Software+Solutions+Limited+Leed+Technical+Recruiter+OR+Engineering+Recruiter+OR+Talent+Acquisition+OR+Internal+Recruiter,https://www.linkedin.com/jobs/search/?keywords=Rainbow+Software+Solutions+Limited+Leed+Generative+AI+Engineer+OR+Applied+AI+Engineer+OR+AI+Software+Engineer+OR+Backend+Engineer+OR+Python+Engineer+OR+Full+Stack+Engineer,s We,Skilled Worker,94,"Hi, I noticed Rainbow Software Solutions Limited Leed is a licensed sponsor. I’m a UK-based applied AI/software engineer with 3+ years in Python, FastAPI, React, and production AI systems. I’d value connecting and learning about relevant engineering openings at Rainbow Software Solutions Limited Lee"
48,Rainbow Software Solutions Limited Leed,Hiring Manager,Engineering Manager | Head of Engineering | Head of AI | CTO,https://www.linkedin.com/search/results/people/?keywords=Rainbow+Software+Solutions+Limited+Leed+Engineering+Manager+OR+Head+of+Engineering+OR+Head+of+AI+OR+CTO,https://www.linkedin.com/jobs/search/?keywords=Rainbow+Software+Solutions+Limited+Leed+Generative+AI+Engineer+OR+Applied+AI+Engineer+OR+AI+Software+Engineer+OR+Backend+Engineer+OR+Python+Engineer+OR+Full+Stack+Engineer,s We,Skilled Worker,94,"Hi, I noticed Rainbow Software Solutions Limited Leed is a licensed sponsor. I’m a UK-based applied AI/software engineer with 3+ years in Python, FastAPI, React, and production AI systems. I’d value connecting and learning about relevant engineering openings at Rainbow Software Solutions Limited Lee"
49,TOP SUN TECHNOLOGY DEVELOPMENT LIMITED Cramli,Recruiter,Technical Recruiter | Engineering Recruiter | Talent Acquisition | Internal Recruiter,https://www.linkedin.com/search/results/people/?keywords=TOP+SUN+TECHNOLOGY+DEVELOPMENT+LIMITED+Cramli+Technical+Recruiter+OR+Engineering+Recruiter+OR+Talent+Acquisition+OR+Internal+Recruiter,https://www.linkedin.com/jobs/search/?keywords=TOP+SUN+TECHNOLOGY+DEVELOPMENT+LIMITED+Cramli+Generative+AI+Engineer+OR+Applied+AI+Engineer+OR+AI+Software+Engineer+OR+Backend+Engineer+OR+Python+Engineer+OR+Full+Stack+Engineer,ngton,Skilled Worker,94,"Hi, I noticed TOP SUN TECHNOLOGY DEVELOPMENT LIMITED Cramli is a licensed sponsor. I’m a UK-based applied AI/software engineer with 3+ years in Python, FastAPI, React, and production AI systems. I’d value connecting and learning about relevant engineering openings at TOP SUN TECHNOLOGY DEVELOPMENT L"
50,TOP SUN TECHNOLOGY DEVELOPMENT LIMITED Cramli,Hiring Manager,Engineering Manager | Head of Engineering | Head of AI | CTO,https://www.linkedin.com/search/results/people/?keywords=TOP+SUN+TECHNOLOGY+DEVELOPMENT+LIMITED+Cramli+Engineering+Manager+OR+Head+of+Engineering+OR+Head+of+AI+OR+CTO,https://www.linkedin.com/jobs/search/?keywords=TOP+SUN+TECHNOLOGY+DEVELOPMENT+LIMITED+Cramli+Generative+AI+Engineer+OR+Applied+AI+Engineer+OR+AI+Software+Engineer+OR+Backend+Engineer+OR+Python+Engineer+OR+Full+Stack+Engineer,ngton,Skilled Worker,94,"Hi, I noticed TOP SUN TECHNOLOGY DEVELOPMENT LIMITED Cramli is a licensed sponsor. I’m a UK-based applied AI/software engineer with 3+ years in Python, FastAPI, React, and production AI systems. I’d value connecting and learning about relevant engineering openings at TOP SUN TECHNOLOGY DEVELOPMENT L"
51,CloudMind AI Limited Bromley,Recruiter,Technical Recruiter | Engineering Recruiter | Talent Acquisition | Internal Recruiter,https://www.linkedin.com/search/results/people/?keywords=CloudMind+AI+Limited+Bromley+Technical+Recruiter+OR+Engineering+Recruiter+OR+Talent+Acquisition+OR+Internal+Recruiter,https://www.linkedin.com/jobs/search/?keywords=CloudMind+AI+Limited+Bromley+Generative+AI+Engineer+OR+Applied+AI+Engineer+OR+AI+Software+Engineer+OR+Backend+Engineer+OR+Python+Engineer+OR+Full+Stack+Engineer,,Skilled Worker,92,"Hi, I noticed CloudMind AI Limited Bromley is a licensed sponsor. I’m a UK-based applied AI/software engineer with 3+ years in Python, FastAPI, React, and production AI systems. I’d value connecting and learning about relevant engineering openings at CloudMind AI Limited Bromley."
52,CloudMind AI Limited Bromley,Hiring Manager,Engineering Manager | Head of Engineering | Head of AI | CTO,https://www.linkedin.com/search/results/people/?keywords=CloudMind+AI+Limited+Bromley+Engineering+Manager+OR+Head+of+Engineering+OR+Head+of+AI+OR+CTO,https://www.linkedin.com/jobs/search/?keywords=CloudMind+AI+Limited+Bromley+Generative+AI+Engineer+OR+Applied+AI+Engineer+OR+AI+Software+Engineer+OR+Backend+Engineer+OR+Python+Engineer+OR+Full+Stack+Engineer,,Skilled Worker,92,"Hi, I noticed CloudMind AI Limited Bromley is a licensed sponsor. I’m a UK-based applied AI/software engineer with 3+ years in Python, FastAPI, React, and production AI systems. I’d value connecting and learning about relevant engineering openings at CloudMind AI Limited Bromley."
53,Cloudscouts Technology Services UK Ltd Slough,Recruiter,Technical Recruiter | Engineering Recruiter | Talent Acquisition | Internal Recruiter,https://www.linkedin.com/search/results/people/?keywords=Cloudscouts+Technology+Services+UK+Ltd+Slough+Technical+Recruiter+OR+Engineering+Recruiter+OR+Talent+Acquisition+OR+Internal+Recruiter,https://www.linkedin.com/jobs/search/?keywords=Cloudscouts+Technology+Services+UK+Ltd+Slough+Generative+AI+Engineer+OR+Applied+AI+Engineer+OR+AI+Software+Engineer+OR+Backend+Engineer+OR+Python+Engineer+OR+Full+Stack+Engineer,Berkshire,Skilled Worker,92,"Hi, I noticed Cloudscouts Technology Services UK Ltd Slough is a licensed sponsor. I’m a UK-based applied AI/software engineer with 3+ years in Python, FastAPI, React, and production AI systems. I’d value connecting and learning about relevant engineering openings at Cloudscouts Technology Services "
54,Cloudscouts Technology Services UK Ltd Slough,Hiring Manager,Engineering Manager | Head of Engineering | Head of AI | CTO,https://www.linkedin.com/search/results/people/?keywords=Cloudscouts+Technology+Services+UK+Ltd+Slough+Engineering+Manager+OR+Head+of+Engineering+OR+Head+of+AI+OR+CTO,https://www.linkedin.com/jobs/search/?keywords=Cloudscouts+Technology+Services+UK+Ltd+Slough+Generative+AI+Engineer+OR+Applied+AI+Engineer+OR+AI+Software+Engineer+OR+Backend+Engineer+OR+Python+Engineer+OR+Full+Stack+Engineer,Berkshire,Skilled Worker,92,"Hi, I noticed Cloudscouts Technology Services UK Ltd Slough is a licensed sponsor. I’m a UK-based applied AI/software engineer with 3+ years in Python, FastAPI, React, and production AI systems. I’d value connecting and learning about relevant engineering openings at Cloudscouts Technology Services "
55,Digital.ai Software (UK) Ltd.,Recruiter,Technical Recruiter | Engineering Recruiter | Talent Acquisition | Internal Recruiter,https://www.linkedin.com/search/results/people/?keywords=Digital.ai+Software+%28UK%29+Ltd.+Technical+Recruiter+OR+Engineering+Recruiter+OR+Talent+Acquisition+OR+Internal+Recruiter,https://www.linkedin.com/jobs/search/?keywords=Digital.ai+Software+%28UK%29+Ltd.+Generative+AI+Engineer+OR+Applied+AI+Engineer+OR+AI+Software+Engineer+OR+Backend+Engineer+OR+Python+Engineer+OR+Full+Stack+Engineer,London,orker,91,"Hi, I noticed Digital.ai Software (UK) Ltd. is a licensed sponsor. I’m a UK-based applied AI/software engineer with 3+ years in Python, FastAPI, React, and production AI systems. I’d value connecting and learning about relevant engineering openings at Digital.ai Software (UK) Ltd.."
56,Digital.ai Software (UK) Ltd.,Hiring Manager,Engineering Manager | Head of Engineering | Head of AI | CTO,https://www.linkedin.com/search/results/people/?keywords=Digital.ai+Software+%28UK%29+Ltd.+Engineering+Manager+OR+Head+of+Engineering+OR+Head+of+AI+OR+CTO,https://www.linkedin.com/jobs/search/?keywords=Digital.ai+Software+%28UK%29+Ltd.+Generative+AI+Engineer+OR+Applied+AI+Engineer+OR+AI+Software+Engineer+OR+Backend+Engineer+OR+Python+Engineer+OR+Full+Stack+Engineer,London,orker,91,"Hi, I noticed Digital.ai Software (UK) Ltd. is a licensed sponsor. I’m a UK-based applied AI/software engineer with 3+ years in Python, FastAPI, React, and production AI systems. I’d value connecting and learning about relevant engineering openings at Digital.ai Software (UK) Ltd.."
57,Nimbus Digital & Technology Innovations Stratford-upon-Avon,Recruiter,Technical Recruiter | Engineering Recruiter | Talent Acquisition | Internal Recruiter,https://www.linkedin.com/search/results/people/?keywords=Nimbus+Digital+%26+Technology+Innovations+Stratford-upon-Avon+Technical+Recruiter+OR+Engineering+Recruiter+OR+Talent+Acquisition+OR+Internal+Recruiter,https://www.linkedin.com/jobs/search/?keywords=Nimbus+Digital+%26+Technology+Innovations+Stratford-upon-Avon+Generative+AI+Engineer+OR+Applied+AI+Engineer+OR+AI+Software+Engineer+OR+Backend+Engineer+OR+Python+Engineer+OR+Full+Stack+Engineer,,Skilled Worker,91,"Hi, I noticed Nimbus Digital & Technology Innovations Stratford-upon-Avon is a licensed sponsor. I’m a UK-based applied AI/software engineer with 3+ years in Python, FastAPI, React, and production AI systems. I’d value connecting and learning about relevant engineering openings at Nimbus Digital & T"
58,Nimbus Digital & Technology Innovations Stratford-upon-Avon,Hiring Manager,Engineering Manager | Head of Engineering | Head of AI | CTO,https://www.linkedin.com/search/results/people/?keywords=Nimbus+Digital+%26+Technology+Innovations+Stratford-upon-Avon+Engineering+Manager+OR+Head+of+Engineering+OR+Head+of+AI+OR+CTO,https://www.linkedin.com/jobs/search/?keywords=Nimbus+Digital+%26+Technology+Innovations+Stratford-upon-Avon+Generative+AI+Engineer+OR+Applied+AI+Engineer+OR+AI+Software+Engineer+OR+Backend+Engineer+OR+Python+Engineer+OR+Full+Stack+Engineer,,Skilled Worker,91,"Hi, I noticed Nimbus Digital & Technology Innovations Stratford-upon-Avon is a licensed sponsor. I’m a UK-based applied AI/software engineer with 3+ years in Python, FastAPI, React, and production AI systems. I’d value connecting and learning about relevant engineering openings at Nimbus Digital & T"
59,Data Technology Limited Rickmanswor,Recruiter,Technical Recruiter | Engineering Recruiter | Talent Acquisition | Internal Recruiter,https://www.linkedin.com/search/results/people/?keywords=Data+Technology+Limited+Rickmanswor+Technical+Recruiter+OR+Engineering+Recruiter+OR+Talent+Acquisition+OR+Internal+Recruiter,https://www.linkedin.com/jobs/search/?keywords=Data+Technology+Limited+Rickmanswor+Generative+AI+Engineer+OR+Applied+AI+Engineer+OR+AI+Software+Engineer+OR+Backend+Engineer+OR+Python+Engineer+OR+Full+Stack+Engineer,th,Skilled Worker,90,"Hi, I noticed Data Technology Limited Rickmanswor is a licensed sponsor. I’m a UK-based applied AI/software engineer with 3+ years in Python, FastAPI, React, and production AI systems. I’d value connecting and learning about relevant engineering openings at Data Technology Limited Rickmanswor."
60,Data Technology Limited Rickmanswor,Hiring Manager,Engineering Manager | Head of Engineering | Head of AI | CTO,https://www.linkedin.com/search/results/people/?keywords=Data+Technology+Limited+Rickmanswor+Engineering+Manager+OR+Head+of+Engineering+OR+Head+of+AI+OR+CTO,https://www.linkedin.com/jobs/search/?keywords=Data+Technology+Limited+Rickmanswor+Generative+AI+Engineer+OR+Applied+AI+Engineer+OR+AI+Software+Engineer+OR+Backend+Engineer+OR+Python+Engineer+OR+Full+Stack+Engineer,th,Skilled Worker,90,"Hi, I noticed Data Technology Limited Rickmanswor is a licensed sponsor. I’m a UK-based applied AI/software engineer with 3+ years in Python, FastAPI, React, and production AI systems. I’d value connecting and learning about relevant engineering openings at Data Technology Limited Rickmanswor."
61,"DONGYI MEDICAL DEVICE TECHNOLOGY CO., LTD",Recruiter,Technical Recruiter | Engineering Recruiter | Talent Acquisition | Internal Recruiter,https://www.linkedin.com/search/results/people/?keywords=DONGYI+MEDICAL+DEVICE+TECHNOLOGY+CO.%2C+LTD+Technical+Recruiter+OR+Engineering+Recruiter+OR+Talent+Acquisition+OR+Internal+Recruiter,https://www.linkedin.com/jobs/search/?keywords=DONGYI+MEDICAL+DEVICE+TECHNOLOGY+CO.%2C+LTD+Generative+AI+Engineer+OR+Applied+AI+Engineer+OR+AI+Software+Engineer+OR+Backend+Engineer+OR+Python+Engineer+OR+Full+Stack+Engineer,London,Skilled Worker,90,"Hi, I noticed DONGYI MEDICAL DEVICE TECHNOLOGY CO., LTD is a licensed sponsor. I’m a UK-based applied AI/software engineer with 3+ years in Python, FastAPI, React, and production AI systems. I’d value connecting and learning about relevant engineering openings at DONGYI MEDICAL DEVICE TECHNOLOGY CO."
62,"DONGYI MEDICAL DEVICE TECHNOLOGY CO., LTD",Hiring Manager,Engineering Manager | Head of Engineering | Head of AI | CTO,https://www.linkedin.com/search/results/people/?keywords=DONGYI+MEDICAL+DEVICE+TECHNOLOGY+CO.%2C+LTD+Engineering+Manager+OR+Head+of+Engineering+OR+Head+of+AI+OR+CTO,https://www.linkedin.com/jobs/search/?keywords=DONGYI+MEDICAL+DEVICE+TECHNOLOGY+CO.%2C+LTD+Generative+AI+Engineer+OR+Applied+AI+Engineer+OR+AI+Software+Engineer+OR+Backend+Engineer+OR+Python+Engineer+OR+Full+Stack+Engineer,London,Skilled Worker,90,"Hi, I noticed DONGYI MEDICAL DEVICE TECHNOLOGY CO., LTD is a licensed sponsor. I’m a UK-based applied AI/software engineer with 3+ years in Python, FastAPI, React, and production AI systems. I’d value connecting and learning about relevant engineering openings at DONGYI MEDICAL DEVICE TECHNOLOGY CO."
63,Glory Technology Development UK Ltd,Recruiter,Technical Recruiter | Engineering Recruiter | Talent Acquisition | Internal Recruiter,https://www.linkedin.com/search/results/people/?keywords=Glory+Technology+Development+UK+Ltd+Technical+Recruiter+OR+Engineering+Recruiter+OR+Talent+Acquisition+OR+Internal+Recruiter,https://www.linkedin.com/jobs/search/?keywords=Glory+Technology+Development+UK+Ltd+Generative+AI+Engineer+OR+Applied+AI+Engineer+OR+AI+Software+Engineer+OR+Backend+Engineer+OR+Python+Engineer+OR+Full+Stack+Engineer,London,"Skilled Worker, bal Business Mobility: Senior or Specialist Worker",90,"Hi, I noticed Glory Technology Development UK Ltd is a licensed sponsor. I’m a UK-based applied AI/software engineer with 3+ years in Python, FastAPI, React, and production AI systems. I’d value connecting and learning about relevant engineering openings at Glory Technology Development UK Ltd."
64,Glory Technology Development UK Ltd,Hiring Manager,Engineering Manager | Head of Engineering | Head of AI | CTO,https://www.linkedin.com/search/results/people/?keywords=Glory+Technology+Development+UK+Ltd+Engineering+Manager+OR+Head+of+Engineering+OR+Head+of+AI+OR+CTO,https://www.linkedin.com/jobs/search/?keywords=Glory+Technology+Development+UK+Ltd+Generative+AI+Engineer+OR+Applied+AI+Engineer+OR+AI+Software+Engineer+OR+Backend+Engineer+OR+Python+Engineer+OR+Full+Stack+Engineer,London,"Skilled Worker, bal Business Mobility: Senior or Specialist Worker",90,"Hi, I noticed Glory Technology Development UK Ltd is a licensed sponsor. I’m a UK-based applied AI/software engineer with 3+ years in Python, FastAPI, React, and production AI systems. I’d value connecting and learning about relevant engineering openings at Glory Technology Development UK Ltd."
65,GKN Aerospace Services - Engineering and Technology,Recruiter,Technical Recruiter | Engineering Recruiter | Talent Acquisition | Internal Recruiter,https://www.linkedin.com/search/results/people/?keywords=GKN+Aerospace+Services+-+Engineering+and+Technology+Technical+Recruiter+OR+Engineering+Recruiter+OR+Talent+Acquisition+OR+Internal+Recruiter,https://www.linkedin.com/jobs/search/?keywords=GKN+Aerospace+Services+-+Engineering+and+Technology+Generative+AI+Engineer+OR+Applied+AI+Engineer+OR+AI+Software+Engineer+OR+Backend+Engineer+OR+Python+Engineer+OR+Full+Stack+Engineer,Bristol,"Skilled Worker, bal Business Mobility: Senior or Specialist Worker",89,"Hi, I noticed GKN Aerospace Services - Engineering and Technology is a licensed sponsor. I’m a UK-based applied AI/software engineer with 3+ years in Python, FastAPI, React, and production AI systems. I’d value connecting and learning about relevant engineering openings at GKN Aerospace Services - E"
66,GKN Aerospace Services - Engineering and Technology,Hiring Manager,Engineering Manager | Head of Engineering | Head of AI | CTO,https://www.linkedin.com/search/results/people/?keywords=GKN+Aerospace+Services+-+Engineering+and+Technology+Engineering+Manager+OR+Head+of+Engineering+OR+Head+of+AI+OR+CTO,https://www.linkedin.com/jobs/search/?keywords=GKN+Aerospace+Services+-+Engineering+and+Technology+Generative+AI+Engineer+OR+Applied+AI+Engineer+OR+AI+Software+Engineer+OR+Backend+Engineer+OR+Python+Engineer+OR+Full+Stack+Engineer,Bristol,"Skilled Worker, bal Business Mobility: Senior or Specialist Worker",89,"Hi, I noticed GKN Aerospace Services - Engineering and Technology is a licensed sponsor. I’m a UK-based applied AI/software engineer with 3+ years in Python, FastAPI, React, and production AI systems. I’d value connecting and learning about relevant engineering openings at GKN Aerospace Services - E"
67,Independent Technology Systems Limited,Recruiter,Technical Recruiter | Engineering Recruiter | Talent Acquisition | Internal Recruiter,https://www.linkedin.com/search/results/people/?keywords=Independent+Technology+Systems+Limited+Technical+Recruiter+OR+Engineering+Recruiter+OR+Talent+Acquisition+OR+Internal+Recruiter,https://www.linkedin.com/jobs/search/?keywords=Independent+Technology+Systems+Limited+Generative+AI+Engineer+OR+Applied+AI+Engineer+OR+AI+Software+Engineer+OR+Backend+Engineer+OR+Python+Engineer+OR+Full+Stack+Engineer,Bristol,"Skilled Worker, l Business Mobility: Senior or Specialist Worker",89,"Hi, I noticed Independent Technology Systems Limited is a licensed sponsor. I’m a UK-based applied AI/software engineer with 3+ years in Python, FastAPI, React, and production AI systems. I’d value connecting and learning about relevant engineering openings at Independent Technology Systems Limited."
68,Independent Technology Systems Limited,Hiring Manager,Engineering Manager | Head of Engineering | Head of AI | CTO,https://www.linkedin.com/search/results/people/?keywords=Independent+Technology+Systems+Limited+Engineering+Manager+OR+Head+of+Engineering+OR+Head+of+AI+OR+CTO,https://www.linkedin.com/jobs/search/?keywords=Independent+Technology+Systems+Limited+Generative+AI+Engineer+OR+Applied+AI+Engineer+OR+AI+Software+Engineer+OR+Backend+Engineer+OR+Python+Engineer+OR+Full+Stack+Engineer,Bristol,"Skilled Worker, l Business Mobility: Senior or Specialist Worker",89,"Hi, I noticed Independent Technology Systems Limited is a licensed sponsor. I’m a UK-based applied AI/software engineer with 3+ years in Python, FastAPI, React, and production AI systems. I’d value connecting and learning about relevant engineering openings at Independent Technology Systems Limited."
69,Absolute Retail Consulting Limited T/A AbsoluteLabs,Recruiter,Technical Recruiter | Engineering Recruiter | Talent Acquisition | Internal Recruiter,https://www.linkedin.com/search/results/people/?keywords=Absolute+Retail+Consulting+Limited+T%2FA+AbsoluteLabs+Technical+Recruiter+OR+Engineering+Recruiter+OR+Talent+Acquisition+OR+Internal+Recruiter,https://www.linkedin.com/jobs/search/?keywords=Absolute+Retail+Consulting+Limited+T%2FA+AbsoluteLabs+Generative+AI+Engineer+OR+Applied+AI+Engineer+OR+AI+Software+Engineer+OR+Backend+Engineer+OR+Python+Engineer+OR+Full+Stack+Engineer,London,Skilled Worker,88,"Hi, I noticed Absolute Retail Consulting Limited T/A AbsoluteLabs is a licensed sponsor. I’m a UK-based applied AI/software engineer with 3+ years in Python, FastAPI, React, and production AI systems. I’d value connecting and learning about relevant engineering openings at Absolute Retail Consulting"
70,Absolute Retail Consulting Limited T/A AbsoluteLabs,Hiring Manager,Engineering Manager | Head of Engineering | Head of AI | CTO,https://www.linkedin.com/search/results/people/?keywords=Absolute+Retail+Consulting+Limited+T%2FA+AbsoluteLabs+Engineering+Manager+OR+Head+of+Engineering+OR+Head+of+AI+OR+CTO,https://www.linkedin.com/jobs/search/?keywords=Absolute+Retail+Consulting+Limited+T%2FA+AbsoluteLabs+Generative+AI+Engineer+OR+Applied+AI+Engineer+OR+AI+Software+Engineer+OR+Backend+Engineer+OR+Python+Engineer+OR+Full+Stack+Engineer,London,Skilled Worker,88,"Hi, I noticed Absolute Retail Consulting Limited T/A AbsoluteLabs is a licensed sponsor. I’m a UK-based applied AI/software engineer with 3+ years in Python, FastAPI, React, and production AI systems. I’d value connecting and learning about relevant engineering openings at Absolute Retail Consulting"
71,Airex Technologies Ltd,Recruiter,Technical Recruiter | Engineering Recruiter | Talent Acquisition | Internal Recruiter,https://www.linkedin.com/search/results/people/?keywords=Airex+Technologies+Ltd+Technical+Recruiter+OR+Engineering+Recruiter+OR+Talent+Acquisition+OR+Internal+Recruiter,https://www.linkedin.com/jobs/search/?keywords=Airex+Technologies+Ltd+Generative+AI+Engineer+OR+Applied+AI+Engineer+OR+AI+Software+Engineer+OR+Backend+Engineer+OR+Python+Engineer+OR+Full+Stack+Engineer,London,Skilled Worker,88,"Hi, I noticed Airex Technologies Ltd is a licensed sponsor. I’m a UK-based applied AI/software engineer with 3+ years in Python, FastAPI, React, and production AI systems. I’d value connecting and learning about relevant engineering openings at Airex Technologies Ltd."
72,Airex Technologies Ltd,Hiring Manager,Engineering Manager | Head of Engineering | Head of AI | CTO,https://www.linkedin.com/search/results/people/?keywords=Airex+Technologies+Ltd+Engineering+Manager+OR+Head+of+Engineering+OR+Head+of+AI+OR+CTO,https://www.linkedin.com/jobs/search/?keywords=Airex+Technologies+Ltd+Generative+AI+Engineer+OR+Applied+AI+Engineer+OR+AI+Software+Engineer+OR+Backend+Engineer+OR+Python+Engineer+OR+Full+Stack+Engineer,London,Skilled Worker,88,"Hi, I noticed Airex Technologies Ltd is a licensed sponsor. I’m a UK-based applied AI/software engineer with 3+ years in Python, FastAPI, React, and production AI systems. I’d value connecting and learning about relevant engineering openings at Airex Technologies Ltd."
73,ATLANTIS TECHNOLOGY SOLUTIONS LIMITED,Recruiter,Technical Recruiter | Engineering Recruiter | Talent Acquisition | Internal Recruiter,https://www.linkedin.com/search/results/people/?keywords=ATLANTIS+TECHNOLOGY+SOLUTIONS+LIMITED+Technical+Recruiter+OR+Engineering+Recruiter+OR+Talent+Acquisition+OR+Internal+Recruiter,https://www.linkedin.com/jobs/search/?keywords=ATLANTIS+TECHNOLOGY+SOLUTIONS+LIMITED+Generative+AI+Engineer+OR+Applied+AI+Engineer+OR+AI+Software+Engineer+OR+Backend+Engineer+OR+Python+Engineer+OR+Full+Stack+Engineer,LONDON,Skilled Worker,88,"Hi, I noticed ATLANTIS TECHNOLOGY SOLUTIONS LIMITED is a licensed sponsor. I’m a UK-based applied AI/software engineer with 3+ years in Python, FastAPI, React, and production AI systems. I’d value connecting and learning about relevant engineering openings at ATLANTIS TECHNOLOGY SOLUTIONS LIMITED."
74,ATLANTIS TECHNOLOGY SOLUTIONS LIMITED,Hiring Manager,Engineering Manager | Head of Engineering | Head of AI | CTO,https://www.linkedin.com/search/results/people/?keywords=ATLANTIS+TECHNOLOGY+SOLUTIONS+LIMITED+Engineering+Manager+OR+Head+of+Engineering+OR+Head+of+AI+OR+CTO,https://www.linkedin.com/jobs/search/?keywords=ATLANTIS+TECHNOLOGY+SOLUTIONS+LIMITED+Generative+AI+Engineer+OR+Applied+AI+Engineer+OR+AI+Software+Engineer+OR+Backend+Engineer+OR+Python+Engineer+OR+Full+Stack+Engineer,LONDON,Skilled Worker,88,"Hi, I noticed ATLANTIS TECHNOLOGY SOLUTIONS LIMITED is a licensed sponsor. I’m a UK-based applied AI/software engineer with 3+ years in Python, FastAPI, React, and production AI systems. I’d value connecting and learning about relevant engineering openings at ATLANTIS TECHNOLOGY SOLUTIONS LIMITED."
75,CLOUDBRAIN SOLUTIONS LIMITED,Recruiter,Technical Recruiter | Engineering Recruiter | Talent Acquisition | Internal Recruiter,https://www.linkedin.com/search/results/people/?keywords=CLOUDBRAIN+SOLUTIONS+LIMITED+Technical+Recruiter+OR+Engineering+Recruiter+OR+Talent+Acquisition+OR+Internal+Recruiter,https://www.linkedin.com/jobs/search/?keywords=CLOUDBRAIN+SOLUTIONS+LIMITED+Generative+AI+Engineer+OR+Applied+AI+Engineer+OR+AI+Software+Engineer+OR+Backend+Engineer+OR+Python+Engineer+OR+Full+Stack+Engineer,Ilkeston,Skilled Worker,88,"Hi, I noticed CLOUDBRAIN SOLUTIONS LIMITED is a licensed sponsor. I’m a UK-based applied AI/software engineer with 3+ years in Python, FastAPI, React, and production AI systems. I’d value connecting and learning about relevant engineering openings at CLOUDBRAIN SOLUTIONS LIMITED."
76,CLOUDBRAIN SOLUTIONS LIMITED,Hiring Manager,Engineering Manager | Head of Engineering | Head of AI | CTO,https://www.linkedin.com/search/results/people/?keywords=CLOUDBRAIN+SOLUTIONS+LIMITED+Engineering+Manager+OR+Head+of+Engineering+OR+Head+of+AI+OR+CTO,https://www.linkedin.com/jobs/search/?keywords=CLOUDBRAIN+SOLUTIONS+LIMITED+Generative+AI+Engineer+OR+Applied+AI+Engineer+OR+AI+Software+Engineer+OR+Backend+Engineer+OR+Python+Engineer+OR+Full+Stack+Engineer,Ilkeston,Skilled Worker,88,"Hi, I noticed CLOUDBRAIN SOLUTIONS LIMITED is a licensed sponsor. I’m a UK-based applied AI/software engineer with 3+ years in Python, FastAPI, React, and production AI systems. I’d value connecting and learning about relevant engineering openings at CLOUDBRAIN SOLUTIONS LIMITED."
77,CloudPay Technology Limited Andover,Recruiter,Technical Recruiter | Engineering Recruiter | Talent Acquisition | Internal Recruiter,https://www.linkedin.com/search/results/people/?keywords=CloudPay+Technology+Limited+Andover+Technical+Recruiter+OR+Engineering+Recruiter+OR+Talent+Acquisition+OR+Internal+Recruiter,https://www.linkedin.com/jobs/search/?keywords=CloudPay+Technology+Limited+Andover+Generative+AI+Engineer+OR+Applied+AI+Engineer+OR+AI+Software+Engineer+OR+Backend+Engineer+OR+Python+Engineer+OR+Full+Stack+Engineer,,"Skilled Worker, enior or Specialist Worker",88,"Hi, I noticed CloudPay Technology Limited Andover is a licensed sponsor. I’m a UK-based applied AI/software engineer with 3+ years in Python, FastAPI, React, and production AI systems. I’d value connecting and learning about relevant engineering openings at CloudPay Technology Limited Andover."
78,CloudPay Technology Limited Andover,Hiring Manager,Engineering Manager | Head of Engineering | Head of AI | CTO,https://www.linkedin.com/search/results/people/?keywords=CloudPay+Technology+Limited+Andover+Engineering+Manager+OR+Head+of+Engineering+OR+Head+of+AI+OR+CTO,https://www.linkedin.com/jobs/search/?keywords=CloudPay+Technology+Limited+Andover+Generative+AI+Engineer+OR+Applied+AI+Engineer+OR+AI+Software+Engineer+OR+Backend+Engineer+OR+Python+Engineer+OR+Full+Stack+Engineer,,"Skilled Worker, enior or Specialist Worker",88,"Hi, I noticed CloudPay Technology Limited Andover is a licensed sponsor. I’m a UK-based applied AI/software engineer with 3+ years in Python, FastAPI, React, and production AI systems. I’d value connecting and learning about relevant engineering openings at CloudPay Technology Limited Andover."
79,Germains Seed Technology (a division of ABF Grain Products Limited),Recruiter,Technical Recruiter | Engineering Recruiter | Talent Acquisition | Internal Recruiter,https://www.linkedin.com/search/results/people/?keywords=Germains+Seed+Technology+%28a+division+of+ABF+Grain+Products+Limited%29+Technical+Recruiter+OR+Engineering+Recruiter+OR+Talent+Acquisition+OR+Internal+Recruiter,https://www.linkedin.com/jobs/search/?keywords=Germains+Seed+Technology+%28a+division+of+ABF+Grain+Products+Limited%29+Generative+AI+Engineer+OR+Applied+AI+Engineer+OR+AI+Software+Engineer+OR+Backend+Engineer+OR+Python+Engineer+OR+Full+Stack+Engineer,,,88,"Hi, I noticed Germains Seed Technology (a division of ABF Grain Products Limited) is a licensed sponsor. I’m a UK-based applied AI/software engineer with 3+ years in Python, FastAPI, React, and production AI systems. I’d value connecting and learning about relevant engineering openings at Germains S"
80,Germains Seed Technology (a division of ABF Grain Products Limited),Hiring Manager,Engineering Manager | Head of Engineering | Head of AI | CTO,https://www.linkedin.com/search/results/people/?keywords=Germains+Seed+Technology+%28a+division+of+ABF+Grain+Products+Limited%29+Engineering+Manager+OR+Head+of+Engineering+OR+Head+of+AI+OR+CTO,https://www.linkedin.com/jobs/search/?keywords=Germains+Seed+Technology+%28a+division+of+ABF+Grain+Products+Limited%29+Generative+AI+Engineer+OR+Applied+AI+Engineer+OR+AI+Software+Engineer+OR+Backend+Engineer+OR+Python+Engineer+OR+Full+Stack+Engineer,,,88,"Hi, I noticed Germains Seed Technology (a division of ABF Grain Products Limited) is a licensed sponsor. I’m a UK-based applied AI/software engineer with 3+ years in Python, FastAPI, React, and production AI systems. I’d value connecting and learning about relevant engineering openings at Germains S"
81,Hoist Global Tech Solutions UK & Europe Ltd Staines,Recruiter,Technical Recruiter | Engineering Recruiter | Talent Acquisition | Internal Recruiter,https://www.linkedin.com/search/results/people/?keywords=Hoist+Global+Tech+Solutions+UK+%26+Europe+Ltd+Staines+Technical+Recruiter+OR+Engineering+Recruiter+OR+Talent+Acquisition+OR+Internal+Recruiter,https://www.linkedin.com/jobs/search/?keywords=Hoist+Global+Tech+Solutions+UK+%26+Europe+Ltd+Staines+Generative+AI+Engineer+OR+Applied+AI+Engineer+OR+AI+Software+Engineer+OR+Backend+Engineer+OR+Python+Engineer+OR+Full+Stack+Engineer,,Skilled Worker,88,"Hi, I noticed Hoist Global Tech Solutions UK & Europe Ltd Staines is a licensed sponsor. I’m a UK-based applied AI/software engineer with 3+ years in Python, FastAPI, React, and production AI systems. I’d value connecting and learning about relevant engineering openings at Hoist Global Tech Solution"
82,Hoist Global Tech Solutions UK & Europe Ltd Staines,Hiring Manager,Engineering Manager | Head of Engineering | Head of AI | CTO,https://www.linkedin.com/search/results/people/?keywords=Hoist+Global+Tech+Solutions+UK+%26+Europe+Ltd+Staines+Engineering+Manager+OR+Head+of+Engineering+OR+Head+of+AI+OR+CTO,https://www.linkedin.com/jobs/search/?keywords=Hoist+Global+Tech+Solutions+UK+%26+Europe+Ltd+Staines+Generative+AI+Engineer+OR+Applied+AI+Engineer+OR+AI+Software+Engineer+OR+Backend+Engineer+OR+Python+Engineer+OR+Full+Stack+Engineer,,Skilled Worker,88,"Hi, I noticed Hoist Global Tech Solutions UK & Europe Ltd Staines is a licensed sponsor. I’m a UK-based applied AI/software engineer with 3+ years in Python, FastAPI, React, and production AI systems. I’d value connecting and learning about relevant engineering openings at Hoist Global Tech Solution"
83,In uential Software Services Ltd Maid,Recruiter,Technical Recruiter | Engineering Recruiter | Talent Acquisition | Internal Recruiter,https://www.linkedin.com/search/results/people/?keywords=In+uential+Software+Services+Ltd+Maid+Technical+Recruiter+OR+Engineering+Recruiter+OR+Talent+Acquisition+OR+Internal+Recruiter,https://www.linkedin.com/jobs/search/?keywords=In+uential+Software+Services+Ltd+Maid+Generative+AI+Engineer+OR+Applied+AI+Engineer+OR+AI+Software+Engineer+OR+Backend+Engineer+OR+Python+Engineer+OR+Full+Stack+Engineer,stone Kent,Skilled Worker,88,"Hi, I noticed In uential Software Services Ltd Maid is a licensed sponsor. I’m a UK-based applied AI/software engineer with 3+ years in Python, FastAPI, React, and production AI systems. I’d value connecting and learning about relevant engineering openings at In uential Software Services Ltd Maid."
84,In uential Software Services Ltd Maid,Hiring Manager,Engineering Manager | Head of Engineering | Head of AI | CTO,https://www.linkedin.com/search/results/people/?keywords=In+uential+Software+Services+Ltd+Maid+Engineering+Manager+OR+Head+of+Engineering+OR+Head+of+AI+OR+CTO,https://www.linkedin.com/jobs/search/?keywords=In+uential+Software+Services+Ltd+Maid+Generative+AI+Engineer+OR+Applied+AI+Engineer+OR+AI+Software+Engineer+OR+Backend+Engineer+OR+Python+Engineer+OR+Full+Stack+Engineer,stone Kent,Skilled Worker,88,"Hi, I noticed In uential Software Services Ltd Maid is a licensed sponsor. I’m a UK-based applied AI/software engineer with 3+ years in Python, FastAPI, React, and production AI systems. I’d value connecting and learning about relevant engineering openings at In uential Software Services Ltd Maid."
85,Progressive Technology Solutions Limited,Recruiter,Technical Recruiter | Engineering Recruiter | Talent Acquisition | Internal Recruiter,https://www.linkedin.com/search/results/people/?keywords=Progressive+Technology+Solutions+Limited+Technical+Recruiter+OR+Engineering+Recruiter+OR+Talent+Acquisition+OR+Internal+Recruiter,https://www.linkedin.com/jobs/search/?keywords=Progressive+Technology+Solutions+Limited+Generative+AI+Engineer+OR+Applied+AI+Engineer+OR+AI+Software+Engineer+OR+Backend+Engineer+OR+Python+Engineer+OR+Full+Stack+Engineer,London,Skilled Worker,88,"Hi, I noticed Progressive Technology Solutions Limited is a licensed sponsor. I’m a UK-based applied AI/software engineer with 3+ years in Python, FastAPI, React, and production AI systems. I’d value connecting and learning about relevant engineering openings at Progressive Technology Solutions Limi"
86,Progressive Technology Solutions Limited,Hiring Manager,Engineering Manager | Head of Engineering | Head of AI | CTO,https://www.linkedin.com/search/results/people/?keywords=Progressive+Technology+Solutions+Limited+Engineering+Manager+OR+Head+of+Engineering+OR+Head+of+AI+OR+CTO,https://www.linkedin.com/jobs/search/?keywords=Progressive+Technology+Solutions+Limited+Generative+AI+Engineer+OR+Applied+AI+Engineer+OR+AI+Software+Engineer+OR+Backend+Engineer+OR+Python+Engineer+OR+Full+Stack+Engineer,London,Skilled Worker,88,"Hi, I noticed Progressive Technology Solutions Limited is a licensed sponsor. I’m a UK-based applied AI/software engineer with 3+ years in Python, FastAPI, React, and production AI systems. I’d value connecting and learning about relevant engineering openings at Progressive Technology Solutions Limi"
87,Regal Technical and Training Solutions ltd Slough,Recruiter,Technical Recruiter | Engineering Recruiter | Talent Acquisition | Internal Recruiter,https://www.linkedin.com/search/results/people/?keywords=Regal+Technical+and+Training+Solutions+ltd+Slough+Technical+Recruiter+OR+Engineering+Recruiter+OR+Talent+Acquisition+OR+Internal+Recruiter,https://www.linkedin.com/jobs/search/?keywords=Regal+Technical+and+Training+Solutions+ltd+Slough+Generative+AI+Engineer+OR+Applied+AI+Engineer+OR+AI+Software+Engineer+OR+Backend+Engineer+OR+Python+Engineer+OR+Full+Stack+Engineer,Berk,Skilled Worker,88,"Hi, I noticed Regal Technical and Training Solutions ltd Slough is a licensed sponsor. I’m a UK-based applied AI/software engineer with 3+ years in Python, FastAPI, React, and production AI systems. I’d value connecting and learning about relevant engineering openings at Regal Technical and Training"
88,Regal Technical and Training Solutions ltd Slough,Hiring Manager,Engineering Manager | Head of Engineering | Head of AI | CTO,https://www.linkedin.com/search/results/people/?keywords=Regal+Technical+and+Training+Solutions+ltd+Slough+Engineering+Manager+OR+Head+of+Engineering+OR+Head+of+AI+OR+CTO,https://www.linkedin.com/jobs/search/?keywords=Regal+Technical+and+Training+Solutions+ltd+Slough+Generative+AI+Engineer+OR+Applied+AI+Engineer+OR+AI+Software+Engineer+OR+Backend+Engineer+OR+Python+Engineer+OR+Full+Stack+Engineer,Berk,Skilled Worker,88,"Hi, I noticed Regal Technical and Training Solutions ltd Slough is a licensed sponsor. I’m a UK-based applied AI/software engineer with 3+ years in Python, FastAPI, React, and production AI systems. I’d value connecting and learning about relevant engineering openings at Regal Technical and Training"
89,SAIC Motor UK Technical Centre Limited,Recruiter,Technical Recruiter | Engineering Recruiter | Talent Acquisition | Internal Recruiter,https://www.linkedin.com/search/results/people/?keywords=SAIC+Motor+UK+Technical+Centre+Limited+Technical+Recruiter+OR+Engineering+Recruiter+OR+Talent+Acquisition+OR+Internal+Recruiter,https://www.linkedin.com/jobs/search/?keywords=SAIC+Motor+UK+Technical+Centre+Limited+Generative+AI+Engineer+OR+Applied+AI+Engineer+OR+AI+Software+Engineer+OR+Backend+Engineer+OR+Python+Engineer+OR+Full+Stack+Engineer,London,"Skilled Worker, lobal Business Mobility: Senior or Specialist Worker",88,"Hi, I noticed SAIC Motor UK Technical Centre Limited is a licensed sponsor. I’m a UK-based applied AI/software engineer with 3+ years in Python, FastAPI, React, and production AI systems. I’d value connecting and learning about relevant engineering openings at SAIC Motor UK Technical Centre Limited."
90,SAIC Motor UK Technical Centre Limited,Hiring Manager,Engineering Manager | Head of Engineering | Head of AI | CTO,https://www.linkedin.com/search/results/people/?keywords=SAIC+Motor+UK+Technical+Centre+Limited+Engineering+Manager+OR+Head+of+Engineering+OR+Head+of+AI+OR+CTO,https://www.linkedin.com/jobs/search/?keywords=SAIC+Motor+UK+Technical+Centre+Limited+Generative+AI+Engineer+OR+Applied+AI+Engineer+OR+AI+Software+Engineer+OR+Backend+Engineer+OR+Python+Engineer+OR+Full+Stack+Engineer,London,"Skilled Worker, lobal Business Mobility: Senior or Specialist Worker",88,"Hi, I noticed SAIC Motor UK Technical Centre Limited is a licensed sponsor. I’m a UK-based applied AI/software engineer with 3+ years in Python, FastAPI, React, and production AI systems. I’d value connecting and learning about relevant engineering openings at SAIC Motor UK Technical Centre Limited."
91,SailPoint Technologies UK Ltd,Recruiter,Technical Recruiter | Engineering Recruiter | Talent Acquisition | Internal Recruiter,https://www.linkedin.com/search/results/people/?keywords=SailPoint+Technologies+UK+Ltd+Technical+Recruiter+OR+Engineering+Recruiter+OR+Talent+Acquisition+OR+Internal+Recruiter,https://www.linkedin.com/jobs/search/?keywords=SailPoint+Technologies+UK+Ltd+Generative+AI+Engineer+OR+Applied+AI+Engineer+OR+AI+Software+Engineer+OR+Backend+Engineer+OR+Python+Engineer+OR+Full+Stack+Engineer,London,"Skilled Worker, lobal Business Mobility: Senior or Specialist Worker",88,"Hi, I noticed SailPoint Technologies UK Ltd is a licensed sponsor. I’m a UK-based applied AI/software engineer with 3+ years in Python, FastAPI, React, and production AI systems. I’d value connecting and learning about relevant engineering openings at SailPoint Technologies UK Ltd."
92,SailPoint Technologies UK Ltd,Hiring Manager,Engineering Manager | Head of Engineering | Head of AI | CTO,https://www.linkedin.com/search/results/people/?keywords=SailPoint+Technologies+UK+Ltd+Engineering+Manager+OR+Head+of+Engineering+OR+Head+of+AI+OR+CTO,https://www.linkedin.com/jobs/search/?keywords=SailPoint+Technologies+UK+Ltd+Generative+AI+Engineer+OR+Applied+AI+Engineer+OR+AI+Software+Engineer+OR+Backend+Engineer+OR+Python+Engineer+OR+Full+Stack+Engineer,London,"Skilled Worker, lobal Business Mobility: Senior or Specialist Worker",88,"Hi, I noticed SailPoint Technologies UK Ltd is a licensed sponsor. I’m a UK-based applied AI/software engineer with 3+ years in Python, FastAPI, React, and production AI systems. I’d value connecting and learning about relevant engineering openings at SailPoint Technologies UK Ltd."
93,Sigtech Solutions Limited Mai,Recruiter,Technical Recruiter | Engineering Recruiter | Talent Acquisition | Internal Recruiter,https://www.linkedin.com/search/results/people/?keywords=Sigtech+Solutions+Limited+Mai+Technical+Recruiter+OR+Engineering+Recruiter+OR+Talent+Acquisition+OR+Internal+Recruiter,https://www.linkedin.com/jobs/search/?keywords=Sigtech+Solutions+Limited+Mai+Generative+AI+Engineer+OR+Applied+AI+Engineer+OR+AI+Software+Engineer+OR+Backend+Engineer+OR+Python+Engineer+OR+Full+Stack+Engineer,denhead,"Skilled Worker, al Business Mobility: Senior or Specialist Worker",88,"Hi, I noticed Sigtech Solutions Limited Mai is a licensed sponsor. I’m a UK-based applied AI/software engineer with 3+ years in Python, FastAPI, React, and production AI systems. I’d value connecting and learning about relevant engineering openings at Sigtech Solutions Limited Mai."
94,Sigtech Solutions Limited Mai,Hiring Manager,Engineering Manager | Head of Engineering | Head of AI | CTO,https://www.linkedin.com/search/results/people/?keywords=Sigtech+Solutions+Limited+Mai+Engineering+Manager+OR+Head+of+Engineering+OR+Head+of+AI+OR+CTO,https://www.linkedin.com/jobs/search/?keywords=Sigtech+Solutions+Limited+Mai+Generative+AI+Engineer+OR+Applied+AI+Engineer+OR+AI+Software+Engineer+OR+Backend+Engineer+OR+Python+Engineer+OR+Full+Stack+Engineer,denhead,"Skilled Worker, al Business Mobility: Senior or Specialist Worker",88,"Hi, I noticed Sigtech Solutions Limited Mai is a licensed sponsor. I’m a UK-based applied AI/software engineer with 3+ years in Python, FastAPI, React, and production AI systems. I’d value connecting and learning about relevant engineering openings at Sigtech Solutions Limited Mai."
95,STRATESYS TECHNOLOGY SOLUTIONS LIMITED,Recruiter,Technical Recruiter | Engineering Recruiter | Talent Acquisition | Internal Recruiter,https://www.linkedin.com/search/results/people/?keywords=STRATESYS+TECHNOLOGY+SOLUTIONS+LIMITED+Technical+Recruiter+OR+Engineering+Recruiter+OR+Talent+Acquisition+OR+Internal+Recruiter,https://www.linkedin.com/jobs/search/?keywords=STRATESYS+TECHNOLOGY+SOLUTIONS+LIMITED+Generative+AI+Engineer+OR+Applied+AI+Engineer+OR+AI+Software+Engineer+OR+Backend+Engineer+OR+Python+Engineer+OR+Full+Stack+Engineer,London,Skilled Worker,88,"Hi, I noticed STRATESYS TECHNOLOGY SOLUTIONS LIMITED is a licensed sponsor. I’m a UK-based applied AI/software engineer with 3+ years in Python, FastAPI, React, and production AI systems. I’d value connecting and learning about relevant engineering openings at STRATESYS TECHNOLOGY SOLUTIONS LIMITED."
96,STRATESYS TECHNOLOGY SOLUTIONS LIMITED,Hiring Manager,Engineering Manager | Head of Engineering | Head of AI | CTO,https://www.linkedin.com/search/results/people/?keywords=STRATESYS+TECHNOLOGY+SOLUTIONS+LIMITED+Engineering+Manager+OR+Head+of+Engineering+OR+Head+of+AI+OR+CTO,https://www.linkedin.com/jobs/search/?keywords=STRATESYS+TECHNOLOGY+SOLUTIONS+LIMITED+Generative+AI+Engineer+OR+Applied+AI+Engineer+OR+AI+Software+Engineer+OR+Backend+Engineer+OR+Python+Engineer+OR+Full+Stack+Engineer,London,Skilled Worker,88,"Hi, I noticed STRATESYS TECHNOLOGY SOLUTIONS LIMITED is a licensed sponsor. I’m a UK-based applied AI/software engineer with 3+ years in Python, FastAPI, React, and production AI systems. I’d value connecting and learning about relevant engineering openings at STRATESYS TECHNOLOGY SOLUTIONS LIMITED."
97,Tainotech Holding Limited,Recruiter,Technical Recruiter | Engineering Recruiter | Talent Acquisition | Internal Recruiter,https://www.linkedin.com/search/results/people/?keywords=Tainotech+Holding+Limited+Technical+Recruiter+OR+Engineering+Recruiter+OR+Talent+Acquisition+OR+Internal+Recruiter,https://www.linkedin.com/jobs/search/?keywords=Tainotech+Holding+Limited+Generative+AI+Engineer+OR+Applied+AI+Engineer+OR+AI+Software+Engineer+OR+Backend+Engineer+OR+Python+Engineer+OR+Full+Stack+Engineer,London,Skilled Worker,88,"Hi, I noticed Tainotech Holding Limited is a licensed sponsor. I’m a UK-based applied AI/software engineer with 3+ years in Python, FastAPI, React, and production AI systems. I’d value connecting and learning about relevant engineering openings at Tainotech Holding Limited."
98,Tainotech Holding Limited,Hiring Manager,Engineering Manager | Head of Engineering | Head of AI | CTO,https://www.linkedin.com/search/results/people/?keywords=Tainotech+Holding+Limited+Engineering+Manager+OR+Head+of+Engineering+OR+Head+of+AI+OR+CTO,https://www.linkedin.com/jobs/search/?keywords=Tainotech+Holding+Limited+Generative+AI+Engineer+OR+Applied+AI+Engineer+OR+AI+Software+Engineer+OR+Backend+Engineer+OR+Python+Engineer+OR+Full+Stack+Engineer,London,Skilled Worker,88,"Hi, I noticed Tainotech Holding Limited is a licensed sponsor. I’m a UK-based applied AI/software engineer with 3+ years in Python, FastAPI, React, and production AI systems. I’d value connecting and learning about relevant engineering openings at Tainotech Holding Limited."
99,Marx Technology Consulting Ltd,Recruiter,Technical Recruiter | Engineering Recruiter | Talent Acquisition | Internal Recruiter,https://www.linkedin.com/search/results/people/?keywords=Marx+Technology+Consulting+Ltd+Technical+Recruiter+OR+Engineering+Recruiter+OR+Talent+Acquisition+OR+Internal+Recruiter,https://www.linkedin.com/jobs/search/?keywords=Marx+Technology+Consulting+Ltd+Generative+AI+Engineer+OR+Applied+AI+Engineer+OR+AI+Software+Engineer+OR+Backend+Engineer+OR+Python+Engineer+OR+Full+Stack+Engineer,London,Skilled Worker,86,"Hi, I noticed Marx Technology Consulting Ltd is a licensed sponsor. I’m a UK-based applied AI/software engineer with 3+ years in Python, FastAPI, React, and production AI systems. I’d value connecting and learning about relevant engineering openings at Marx Technology Consulting Ltd."
100,Marx Technology Consulting Ltd,Hiring Manager,Engineering Manager | Head of Engineering | Head of AI | CTO,https://www.linkedin.com/search/results/people/?keywords=Marx+Technology+Consulting+Ltd+Engineering+Manager+OR+Head+of+Engineering+OR+Head+of+AI+OR+CTO,https://www.linkedin.com/jobs/search/?keywords=Marx+Technology+Consulting+Ltd+Generative+AI+Engineer+OR+Applied+AI+Engineer+OR+AI+Software+Engineer+OR+Backend+Engineer+OR+Python+Engineer+OR+Full+Stack+Engineer,London,Skilled Worker,86,"Hi, I noticed Marx Technology Consulting Ltd is a licensed sponsor. I’m a UK-based applied AI/software engineer with 3+ years in Python, FastAPI, React, and production AI systems. I’d value connecting and learning about relevant engineering openings at Marx Technology Consulting Ltd."
